customer_name,zip_count,location_count,zip_codes
Chase Bank,26,28,"94112,94941,95008,95531,94063,94596,94965,95472,94945,94904,94541,94606,94568,94550,94102,94103,94158,94133,94122,94121,94015,95405,94928,94954,95695,95616"
Office Building ,23,29,"94025,94901,94121,94118,94401,94107,94133,94108,94123,94111,94103,94102,94105,94301,94022,95401,95448,94509,95688,95814,95691,95833,95618"
Sutter East Bay Medical Foundation,15,20,"94704,94509,94549,94705,94706,94609,94806,94513,94563,94546,94526,94520,94583,94568,94598"
Chevron Station   ,14,15,"95610,95677,94596,94595,94402,95110,95129,95126,94121,94118,95014,95008,94002,95620"
Chevron,13,14,"95020,94597,95014,94577,94501,94566,94550,94303,94087,94063,94025,95330,95207"
Retail Space ,12,19,"94117,95054,94115,94109,94111,94510,94114,94401,95403,94123,94102,94952"
Goodwill ,12,12,"95926,95827,95817,95841,95610,95616,95776,95682,95667,95621,95662,95843"
Retail Building  ,11,16,"94124,94590,94965,94127,94114,94108,94103,94123,94117,94510,95991"
Goodwill Store,10,11,"95630,95670,95823,95842,95825,95758,95691,95678,95991,95603"
Swinerton Builders,9,13,"95828,94545,95054,94107,94402,95661,94520,94015,94129"
Sonoma County Central Library,9,10,"94928,95472,95476,95405,95425,95409,94952,95492,95448"
Chavez Supermarket,8,9,"94544,95123,94025,95111,94085,94063,95116,95121"
Whole Foods Market ,8,9,"94536,95126,94132,94112,95401,91107,78768-4667,95616"
Cushman & Wakefield,8,8,"94105,94596,94939,94904,95128,94520,95828,63141"
Orchard Supply Hardware,8,8,"94901,94550,94087,95035,94954,94583,94558,93955"
Tesla Motors,7,20,"95054,94539,94304,94538,95134,94089,94555"
Swords to Plowshares,7,8,"94130,94103,94612,94607,94158,94129,94108"
Grocery Outlet,7,7,"94306,94541,94044,95020,95691,95678,95667"
Bank of America,7,7,"94568,94607,95050,94122,94118,94019,95446"
Kaiser Permanente Medical Center - Morse,6,18,"95825,95815,95821,95814,95838,95670"
Sutter Health - PAMF - Santa Cruz County,6,9,"95076,95062,95073,95065,95010,95060"
VIVE HOA Property Mgmt.,6,8,"94608,94124,94103,94131,94108,94520"
Floor & Decor,6,7,"95020,95832,95210,95035,95677,89509"
Laguna Honda Hospital,6,7,"94124,94134,94116,94102,94103,94107"
Hensel Phelps Construction,6,7,"94588,94612,95110,80631,95814,95605"
Shell Station,6,7,"94588,94086,94025,94583,96161,96145"
Larkspur Landing,6,6,"94588,95035,95008,94080,94085,95661"
Starbucks,6,6,"94301,94704,94534,94533,94080,95648"
Palo Alto Medical Foundation,6,6,"95076,94401,95051,94024,95062,95060"
Comcast,6,6,"94589,94903,94954,94558,94533,95688"
Comfort Inn,6,6,"94538,94546,94306,94063,95060,93905"
Private Residence ,6,6,"94506,94070,94025,94010,94507,94558"
Chandler Properties,5,9,"94103,94123,94109,94115,94118"
Pacific Glazing Contractors,5,7,"94587,95023,94080,95037,95035"
St Joseph Health - Providence,5,7,"95405,95401,94559,94558,94952"
San Francisco Public Library,5,5,"94102,94118,94133,94124,94115"
Shell Gas Station,5,5,"94601,94619,94115,94558,96162"
Nordstrom Rack,5,5,"94523,95123,94303,95401,94103"
99 Cent Store ,5,5,"95823,94538,94550,94509,94521"
The UPS Store / Johnathan Mohr,5,5,"95356,95603,95945,95691,95066"
Mcdonald’s,5,5,"94571,94541,94706,95070,95425"
99 Cents Only Store,5,5,"95128,95020,94564,94520,94533"
UC Davis Medical Center    ,4,30,"95817,95820,95747,95816"
Kaiser Permanente Medical Center - Oakland,4,15,"94501,94611,94609,94612"
NorthBay Healthcare,4,13,"95620,94534,94533,95687"
Caritas Management Corp.,4,10,"94110,94103,94102,94121"
Doctor’s Med Center Inc. d/b/a Emanuel Med Center,4,7,"95382,95363,95381-9005,46304"
Mercy General Hospital,4,7,"95610,95819,95825,95816"
Berkeley Public Library,4,7,"94703,94704,94707,94705"
Stanford Medicine Partners,4,6,"94560,94501,95032,94608"
John Muir Medical Center - Walnut Creek,4,6,"94598,94596,94523,94521"
Sutter - PAMF,4,6,"95003,95066,95060,95073"
Unger Construction Company,4,5,"95818,94130,95816,94954"
University Healthcare Alliance dba Stanford Medicine Partners ,4,5,"94560,94040,95124,94588"
Wells Fargo Bank,4,5,"94541,94107,94109,94520"
New India Bazar,4,5,"94566,94538,95050,95035"
Contra Costa County Fire Protection District,4,5,"94565,94803,94549,94518"
Architectural Glass & Aluminum (AGA),4,4,"95825,94501,94550,94115"
Chase,4,4,"95476,94903,94925,95403"
Oliver’s Market,4,4,"95492,95409,95401,94931"
MidPen-Housing Corp. / Immanuel Sobrato Community,4,4,"94404,95062,94587,95128"
FedEx,4,4,"94118,94109,94603,94111"
Holiday Inn Express,4,4,"95687,94538,95304,95050"
Nijiya Market,4,4,"94403,95112,94115,94040"
Sutter Pacific Medical Foundation,4,4,"94110,94109,94132,94954"
Best Western,4,4,"95076,95066,93933,95010"
Island Pacific Supermarket,4,4,"94591,94589,94587,94565"
"Keegan & Coppin Co., Inc.",4,4,"94939,95401,94954,94558"
Celia’s Mexican Restaurant ,4,4,"94306,94401,94509,94025"
Fresenius Medical Care,4,4,"94560,94538,94523,94509"
Team Commercial Construction ,4,4,"94607,94612,94111,94801"
dormakaba USA,4,4,"60044,17601,62288,28289"
Holiday Inn,4,4,"95050,95112,94063,94010"
Kelly Paper,4,4,"95054,95122,94103,94518"
Verizon Wireless,4,4,"94080,94301,94015,95060"
The Grove,4,4,"94111,94102,94103,94105"
Bank Of The West,4,4,"94134,94509,95821,95608"
Residence ,4,4,"94131,94010,94005,94931"
Stanford Blood Center,4,4,"94304,94040,94025,95008"
AKT Properties,4,4,"95242,95826,95816,95814"
Stanford University School of Medicine,3,41,"94305,94304,94035"
City of Richmond,3,23,"94801,94804,94806"
Intuit,3,17,"94043,94105,94025"
Kaiser Medical Center - Roseville,3,15,"95661,95678,95661-7700"
Kaiser Medical Center - San Jose,3,15,"95119,95123,95110"
Kaiser Medical Center - Santa Rosa,3,12,"95403,94928,95407"
City of Vacaville,3,11,"95688,95687,95625"
Stanford University,3,10,"94309,94304,94305"
Community Hospital of the Monterey Peninsula ,3,8,"93940,93933,93955"
UCSF Parnassus Medical Center,3,7,"94122,94143,94117"
City of Redwood City,3,7,"94063,94061,94065"
Apple,3,7,"94085,95129,95014"
Stanford Health Care - Emeryville,3,5,"94608,94544,94523"
Sutter Health,3,5,"95124,95816,95661"
Santa Cruz Metro,3,5,"95076,95066,95060"
"Wash Cycle, Inc.",3,5,"95632,95624,95376"
Kaiser Medical Center,3,5,"94577,94545,95110"
"Seagate Properties, Inc.",3,5,"94704,94539,94705"
Pentair Thermal Management,3,5,"94065,94063,94025"
Lodi Memorial Hospital,3,4,"95240,95242,95632"
CIM Group,3,4,"94607,94103,94107"
Fairfield Inn & Suites,3,4,"94503,95112,94070"
Fort Sutter MOB,3,4,"95816,94546,95661"
Benson Industries,3,4,"94111,97209,94108"
Retail Store,3,4,"94118,94109,94121"
AC Hotel,3,4,"94086,95113,94080"
"Progress Glass Company, Inc",3,4,"94124,94931,94518"
Sequoia Realty Services ,3,4,"94063,94025,94019"
Exchange Bank,3,4,"95403,95404,95401"
Commercial Building,3,3,"95112,94111,94112"
Bill’s Ace Hardware,3,3,"94521,94523,94553"
"Block, Inc.",3,3,"94102,94612,94110"
"Clear Vision Facilities Mgmt, Inc",3,3,"92127,91320,21704"
A-1 Industries,3,3,"95020,94539,94063"
Sequoia Union High School District,3,3,"94062,94025,94063"
AAI Mechanical,3,3,"30542,30518,30024"
Turner Construction Company,3,3,"94596,95833,95035"
Golden State Lumber,3,3,"94005,94901,94520"
Midglen Studios,3,3,"94062,94301,94070"
"Stockham Construction, Inc.",3,3,"95054,94931,94080"
California Pacific Medical Center - Davies Campus,3,3,"94114,94117,94110"
Hampton Inn,3,3,"95376,94080,94103"
Santa Rosa Junior College,3,3,"95407,95401,95492"
"Rudy’s Glass, Inc. ",3,3,"95054,94587,95134"
Arco,3,3,"95118,94002,94509"
"Peacock Construction, Inc.",3,3,"94104,94549,94103"
Mona’s Bar & Grill,3,3,"94597,94521,94518"
PMB Real Estate Services,3,3,"94546,92130,94109"
Peet’s Coffee ,3,3,"94123,94117,94115"
Mercy Housing California,3,3,"94114,94102,94014"
San Mateo County Transit District,3,3,"94070,94063,94080"
VAMC SF,3,3,"94121,94158,94123"
Maddison Oxbow Ventures LP,3,3,"28237,94113,94559"
Kaiser Permanente ,3,3,"94568,94550,92123"
Adventist Health,3,3,"94590,95678,95969"
John Muir Outpatient Center,3,3,"94595,94588,94513"
JKL Corporation,3,3,"94596,94538,95404"
Extra Space Storage ,3,3,"94589,94803,94621"
76 Station,3,3,"95355,95124,95008"
Unger Construction Co.,3,3,"95403,95816-0247,95818"
Best Western Plus ,3,3,"94080,94063,94040"
"Glass Concepts by Cline, Inc",3,3,"95020,95119,95037"
Dollar Tree,3,3,"95403,94014,95821"
Days Inn,3,3,"94947,95112,94066"
Edges Electrical Group,3,3,"94577,95159,93901"
Netronix Integration,3,3,"94544,95131,94553"
US Renal Care,3,3,"94710,95363,95361"
SGI-USA,3,3,"94609,94110,95834"
ISEC Inc.,3,3,"94566,94538,80111"
Walgreen’s ,3,3,"94704,94103,94127"
Union Bank,3,3,"94588,94103,95814"
Game Stop ,3,3,"94538,94928,94559"
Pankow,3,3,"94607,94704,94133"
Rossi Builders,3,3,"94103,94110,94401"
Barnes & Noble,3,3,"94403,95117,94063"
Sunrise Senior Living ,3,3,"94402,94306,94526"
Michael Kors,3,3,"94403,95035,94952"
Urban Properties,3,3,"94403,94103,94061"
Pacific Heights Realty Group,3,3,"94115,94131,94122"
The John Stewart Company- South Bay Region,3,3,"94040,95008,95066"
Landmark Theaters,3,3,"90069,94111,94301"
Stratford School,3,3,"95070,95119,94066"
"Equinix, Inc",3,3,"95054,94065,94404"
"Universal Security & Fire, Inc.",3,3,"95050,95110,89431"
PAMF,3,3,"95051,94301,94303"
"Advanced Medical Builders, Inc.",3,3,"95125,95678,92806"
TNDC,3,3,"94102,94109,94103"
University Of The Pacific,3,3,"94103,94115,95817"
Sutter Medical Foundation,3,3,"94115,95403,95661"
Jones Lang LaSalle,3,3,"94080,94065,11802"
BCCI Construction,3,3,"94111,94107,94041"
Wells Fargo,3,3,"94107,94105,94123"
Sancho’s Taqueria,3,3,"94062,94306,94301"
San Joaquin Regional Transit District (RTD),3,3,"95201,95202,95205"
Mercado Loco,3,3,"95827,95691,95661"
Chomp,3,3,"93940,93923,93907"
Goodwill Donation Express,3,3,"95821,95608,95682"
YOLO COUNTY LIBRARY,3,3,"95691,95627,95616"
M&M Heating & Air Conditioning,3,3,"95203,95206,95207"
Mid-Pen Housing Headquarters,3,3,"95062,94404,95128"
UCSF Mission Bay Campus Facilities,2,16,"94158,94143"
County of Mendocino ,2,16,"95482,95490"
Sutter North Medical Group,2,12,"95993,95991"
Depot Park,2,11,"95828,95825"
Sutter Pacific Medical Foundation - Marin County,2,10,"94945,94904"
UCSF Mission Bay,2,10,"94158,94133"
Kaiser Medical Center - San Rafael,2,9,"94903,94901"
UC Berkeley,2,9,"94720,94704"
UC Office of the President,2,8,"94612,94607"
Kaiser Permanente - Walnut Creek,2,8,"94596,94598"
Woodland Memorial Hospital,2,7,"95776,95695"
Salinas Valley Memorial Hospital,2,7,"93901,93940"
Lucile Salter Packard Children’s Hospital at Stanford,2,7,"94304,94062"
Sacramento City College,2,7,"95822,95827"
Broadcom,2,7,"95131,95134"
Carol Dineen Realty Inc,2,7,"94141,94107"
Fremont Rideout Health Group Hospital,2,7,"95901,95991"
St Joseph Medical Center - Dignity Health,2,6,"95204,95219"
Santa Rosa Memorial Hospital - Providence,2,6,"95405,95401"
Stanford Children's Health - Lucile Packard Children’s Hospital,2,6,"94025,94087"
Washington Hospital,2,6,"94538,94539"
DGS (Ca Department Of General Services),2,6,"95814,95605"
UC Davis Student Housing,2,6,"95817,95616"
Silicon Valley Surgery Center ,2,5,"95008,95032"
Mosser Company,2,5,"94103,94110"
Medtronic,2,5,"95403,95492"
Stanford Health Care Tri-Valley ,2,5,"94588,94550"
"Roku, Inc",2,5,"95110,95112"
Codding Enterprises,2,5,"95406,94928"
County of Yuba,2,5,"95901,95961"
St Joseph - Providence,2,4,"94954,95405"
Pell Development,2,4,"94903,94103"
MPSC (Monterey Peninsula Surgery Center),2,4,"93901,93940"
United Markets,2,4,"94960,94901"
Marin Community Clinic ,2,4,"94945,94901"
Livermore Airport - City of Livermore,2,4,"94551,94550"
City Of Berkeley,2,4,"94710,94702"
City of Antioch - Parks & Recreation,2,4,"94509,94531"
Capurro Properties LLC,2,4,"94133,94109"
Cornerstone Properties,2,4,"95403,94954"
Dept of Veterans Affairs,2,4,"95814,94599"
Sonoma Developmental Center,2,4,"95431,94244"
Separovich Domich Real Estate ,2,4,"95826,95816"
Saint Mary’s Regional Medical Center,2,4,"89503,89511"
"Jazo Group, LLC",2,3,"94104,94903"
California State University East Bay,2,3,"94542,94521"
WOODLANDS MARKET,2,3,"94920,94904"
Dameron Hospital,2,3,"95203,95207"
McMillan Security Systems,2,3,"94110,94124"
"Benson Industries,  a MiTek Company",2,3,"94111,97209"
Institute on Aging San Francisco ,2,3,"94129,94118"
Peninsula Family Service ,2,3,"94401,94014"
"Triamid Construction of Central California, Inc. ",2,3,"95742,95827"
SBAY Construction Inc,2,3,"95128,95129"
Natural Grocery Company,2,3,"94530,94706"
Branded Group,2,3,"92805,92868"
Sutter PAMF (Palo Alto Medical Foundation),2,3,"94301,94039"
Mission Glass Company,2,3,"94005,94612"
Marin Specialty Surgery Center,2,3,"94903,94904"
Kaiser Permanente - Antioch,2,3,"94531,94509"
Los Medanos College,2,3,"94565,94513"
Fairmont Hospital,2,3,"94578,94560"
Certified Kitchens,2,3,"94596,94704"
City of Modesto,2,3,"95353,95351"
O’Briens Market,2,3,"95350,95356"
Canine Companions,2,3,"95407,95402"
San Mateo County - DPW,2,3,"94063,94402"
Marin Community Clinic A/P,2,3,"94949,94901"
Marin Airporter,2,3,"94901,94949"
"Applied Materials, Inc - Arques Campus",2,3,"94086,94085"
TMG Partners,2,3,"94612,94104"
"D & C Glass and Aluminum, Inc.",2,3,"94577,94588"
Port of Oakland,2,3,"94621,94607"
2Y Construction Company,2,3,"94546,94608"
DoorTech,2,3,"91750,91767"
John Stewart Company ,2,3,"94111,94109"
City of Napa,2,3,"94558,94559"
Sacramento Suburban Water District,2,3,"95652,95821"
Premier Glass & Aluminum,2,3,"95376,95206"
"Applied Materials, Inc - Bowers Campus",2,3,"95054,95051"
Accuray,2,3,"94089,94043"
Stanford Federal Credit Union,2,3,"94305,94303"
"Marina Plaza, LLC",2,3,"95129,94022"
UCSF Campus Housing,2,3,"94107,94122"
WINTHROP MANAGMENT,2,3,"94104,94105"
Kaiser Permanente (Cap Projects) ,2,3,"94118,95688"
"Simons & Woodard, Inc",2,3,"95401,95407"
"Ramco Enterprises, Inc",2,3,"95691,95605"
Total Team Construction,2,3,"95798,95691"
ValleyCare Medical Center,2,3,"94550,94588"
Cardenas Markets ,2,2,"93905,95112"
Stanford Health Care,2,2,"94588,94305"
"Lyngso Garden Materials, Inc",2,2,"94063,94070"
California Teacher Association ,2,2,"94520,95814"
Pacific Medical Building Real Estate Services,2,2,"94546,94109"
Rudolph & Sletten,2,2,"94025,95661"
SoMa Hotel,2,2,"94103,94158"
Ethan Conrad Construction,2,2,"95610,95834"
SBI Irrigation and Lighting ,2,2,"75070,95439"
1260 Jazo Group,2,2,"94904,94101"
Park View Terrace ,2,2,"94610,94402"
Napa Valley College,2,2,"94558,94574"
Hampton Inn & Suites ,2,2,"93933,95131"
Wild Roots Market,2,2,"95006,95018"
Amazon,2,2,"94111,94080"
Organic Greens Salad and More ,2,2,"94705,94707"
Mi Rancho Market,2,2,"95670,95127"
"RT Western, Inc",2,2,"94124,94536"
Chevron Gas Station,2,2,"94109,95988"
Marina Food,2,2,"95014,94403"
"Weller Construction & Design, Inc.",2,2,"95326,95310"
Brookdale ,2,2,"95376,94061"
"Oyster & Oyster Investments, LLC",2,2,"94063,94027"
DaVita ,2,2,"95205,95691"
UCDHS Accounts Payable Dept,2,2,"95670,95816"
RoSa Construction Inc.,2,2,"94568,94577"
Chabot - Las Positas Community CollEge District,2,2,"94568,94551"
Good Samaritan Hospital ,2,2,"95124,95032"
South Bay Development Company,2,2,"95054,92602"
Santa Rosa VA LLC,2,2,"95407,89106"
"Royal Glass Company, Inc.",2,2,"95054,95742"
Kelly Paper Corporate,2,2,"90670,91789"
Seabreeze Management,2,2,"94588,95116"
Cleaners ,2,2,"94122,94112"
"Gordon Prill, Inc.",2,2,"94089,94305"
Campus Surgery Center A/P,2,2,"94040,94015"
Walter Adams Framing ,2,2,"94127,94115"
DaVita Dialysis,2,2,"94595,94544"
Dignity Health,2,2,"95670,95616"
Roseville Health Care Center,2,2,"95661,95746"
Equity Apartments,2,2,"60606,94107"
"33 Grant Owner, LLC ",2,2,"10185,94108"
La Quinta Inn & Suites ,2,2,"94568,94534"
"LMOA, LLC ",2,2,"94588,95035"
Roberts Market,2,2,"94062,94028"
Blach Construction Company,2,2,"93940,95131"
Stanford HealthCare ,2,2,"94607,95124"
Dehoff’s Key Market,2,2,"94070,94061"
Sonoma County Library ,2,2,"95407,94952"
YMCA of Silicon Valley,2,2,"95128,95051"
PAMF Sutter- Los Gatos MOB,2,2,"95032,95030"
Kelly Moore Paint ,2,2,"94806,94404"
City College Of San Francisco - Chinatown Campus,2,2,"94133,94111"
"A-N SFD Owner, LLC  d/b/a  Beacon Grand, a Union Square Hotel",2,2,"28237,94102"
"Total Facility Services, Inc.",2,2,"33064,33062"
Hyatt Place ,2,2,"94568,94560"
"Cap Oz 34, LLC c/o RiverRock Real Estate Group",2,2,"94520,95008"
"RiverRock Real Estate Group, Inc",2,2,"94596,94520"
Baxter Construction ,2,2,"94124,94105"
The Irvine Company,2,2,"95054,92660"
El Camino Health,2,2,"94040,95032"
Reno’s Floor Covering,2,2,"94590,94801"
CB2 Builders,2,2,"94133,94801"
UCSF Primary & Specialty Care,2,2,"94403,94065"
C S Erectors Inc,2,2,"94583,95822"
Green Acres Nursery & Supply - Main Office ,2,2,"95630,95624"
76 Gas Station,2,2,"94585,94080"
Novo Construction,2,2,"94025,94949"
Keysight Technologies ,2,2,"95403,95747"
Contra Costa Regional Med Center,2,2,"94553,94806"
Radds Holdings,2,2,"94063,95008"
Cobalt Construction Company,2,2,"95035,95126"
Legend Construction and Painting Inc. ,2,2,"95603,95658"
"Ardenbrook, Inc",2,2,"94577,94536"
City of palo alto,2,2,"94306,94303"
Dignity Health - Methodist Hospital,2,2,"95823,95757"
Webb Builders,2,2,"94063,94025"
University Healthcare Alliance,2,2,"94546,95032"
Landmark Construction,2,2,"94014,95677"
7-Eleven ,2,2,"94104,94118"
Round Table Pizza,2,2,"94061,94070"
Nordstrom,2,2,"94608,94403"
US Prime Contractor,2,2,"94113,94010"
Catholic Charities of San Francisco,2,2,"94122,94903"
Mercy Medical Center ,2,2,"95340,96001"
Allied Propane Service,2,2,"94558,94804"
"EAH, Inc.",2,2,"94901,91361"
Grant Building Investments,2,2,"94945,94903"
Natividad Medical Center,2,2,"93912,93906"
Epic Care - Castro Valley,2,2,"94546,94608"
Epic Care - Dublin,2,2,"94568,94509"
UCDMC Facilities Support Services,2,2,"95817,95820"
Dollar General ,2,2,"94520,94509"
Motel 6,2,2,"94591,94558"
Mike’s Bikes ,2,2,"94965,94901"
JDL Glass LLC,2,2,"92054,95301"
"Kirby Construction Co., Inc.",2,2,"95403,95404"
U.S. Renal Care,2,2,"93940,95361"
Centerra Capital,2,2,"95350,95353"
"Lola’s Market, Inc.",2,2,"95409,94954"
FTG Builders,2,2,"95103,95050"
Residential Home,2,2,"94027,95060"
Spring Tide Shotwell,2,2,"94025,94103"
Mollie Stone’s,2,2,"94306,94114"
Hyatt Regency,2,2,"95054,95814"
Webcor Builders,2,2,"94107,94502"
Crippen & Flynn Carlmont Chapel,2,2,"94002,94061"
Silicon Valley Medical Development,2,2,"95126,95032"
Community Development Commission,2,2,"95490,95482"
WOODY'S LOCK AND SAFE,2,2,"95482,95405"
Big Creek Lumber,2,2,"95076,95062"
Century Management,2,2,"94597,94549"
Golden State Orthopedics & Spine,2,2,"94598,94583"
Contra Costa Imaging Center,2,2,"94598,94520"
Kaiser Construction Services,2,2,"94598,94063"
Whole Foods,2,2,"94598,94114"
Arboleda Apartments (Satellite Housing),2,2,"94597,94509"
Grass Valley Self Storage,2,2,"94597,95945"
Hall Equities Group,2,2,"94598,94596"
Lowe’s,2,2,"94591,94124"
"Cannon Constructers North, Inc. ",2,2,"94592,94080"
ACL Building & Development ,2,2,"94960,94952"
Plan It Building Maintenance ,2,2,"95356,95329"
Sutter Gould Medical Foundation,2,2,"95355,95209"
"Larry Corona Construction, Inc.",2,2,"95350,95368"
Kaiser Behavior Health,2,2,"95356,95330"
C M Construction and Maintenance ,2,2,"95358,95201"
Spirit Halloween,2,2,"95624,95603"
Great Clips,2,2,"95926,95948"
Biomed Realty GOP2 Forum,2,2,"94608,94080"
XL CONSTRUCTION CORP.,2,2,"95035,95811"
Hamstra-Appleton LLC,2,2,"03062,28237"
Walters & Wolf Interiors,2,2,"94538,94107"
L-3 Harris - SONOMA EO,2,2,"94577,95403"
North East Medical Services (NEMS),2,2,"94014,94015"
Healthy Pets Veterinary Hospital,2,2,"94127,94070"
Calidad Industries,2,2,"94501,94568"
Disability Services & Legal Center - DSLC,2,2,"95401,94559"
Social Security Administration ,2,2,"95123,94801"
Colton Commercial Partners ,2,2,"94133,94108"
Skydio,2,2,"94402,94002"
Batteries Plus,2,2,"94901,95066"
Kaiser Capital Projects,2,2,"94903,95337"
Trainor Commercial Construction Inc.,2,2,"94901,94111"
Michaels,2,2,"94903,94403"
VA Outpatient Clinic - Clearlake,2,2,"94903,95422"
North River V,2,2,"94903,94901"
Office Space ,2,2,"94901,94301"
Redwood Credit Union ,2,2,"94901,95457"
Merlone Geier Properties,2,2,"94903,92602"
Party City,2,2,"94945,95014"
Arntz Builders Inc,2,2,"94949,94954"
Bank of Marin,2,2,"94947,94904"
"Cinemark USA, Inc",2,2,"94925,75093"
Sofia Jewelry ,2,2,"94941,94904"
Jovance Salon & Barbering ,2,2,"94806,94564"
"Nutricion Fundamental, Inc",2,2,"94806,91748"
"ALCAL Specialty Contracting, Inc.",2,2,"94542,95834"
La Quinta,2,2,"94621,95368"
Super King Food Center,2,2,"95207,95210"
Alliance Gas Station,2,2,"94122,94533"
Arizmendi Bakery,2,2,"94549,94610"
Citizen Hotel,2,2,"94025,94102"
PROS (Professional Retail Outlet Services),2,2,"48390,48382"
Matt Wilson,2,2,"94061,95746"
99 Cents Only Stores LLC,2,2,"94579,90023"
Alta Bates Summit Medical Center - Herrick Campus,2,2,"94609,94704"
ARCO AM/PM,2,2,"95403,95817"
"Tormax USA, Inc.",2,2,"78247,94587"
"Gaynor Telesystems, Inc",2,2,"95834,96003"
California Teachers Association (CTA),2,2,"94010,95127"
"US Glass & Aluminum, Inc",2,2,"94571,94565"
DCARA,2,2,"94578,94577"
Briarwood Property Management ,2,2,"94577,94043"
Alameda County,2,2,"94578,94541"
Wells Fargo Building,2,2,"94577,94520"
Johnson Controls,2,2,"94577,95630"
CVS,2,2,"94560,94015"
Kay Jewelers,2,2,"94560,95010"
Hester Fabrication,2,2,"94545,94608"
Kaiser Capitol Projects Facilities Construction,2,2,"94545,95051"
Moule’s Tehama County Glass,2,2,"94542,96080"
"Automated Services and Products, Inc",2,2,"94608,94623"
City of Fremont,2,2,"94539,94538"
Shell,2,2,"94588,95476"
Native American Health Center,2,2,"94601,95811"
Peets Coffee,2,2,"94705,94123"
Healthcare Realty,2,2,"94609,94538"
"Vaughn Management Group, Inc. ",2,2,"94704,95616"
"Dog Lover, Inc.",2,2,"94538,94565"
Tobi LLC,2,2,"94536,94070"
Alta Bates Summit Medical Center,2,2,"94705,94704"
Livermore Public Library - City of Livermore,2,2,"94550,94551"
"Goodfellow Top Grade Construction, LLC",2,2,"94551,98807"
Stanford Healthcare-ValleyCare,2,2,"94550,94568"
Commercial Bldg,2,2,"94709,94704"
Jacobsen Construction,2,2,"94602,84119"
111 Broadway Building,2,2,"94623,94623-0961"
KRE 1221 Broadway Owner LLC,2,2,"94612,94104"
East County Hall of Justice,2,2,"94568,94550"
Sherman-Williams 8666,2,2,"94539,95126"
Service King Collision Repair Centers ,2,2,"94538,95050"
New Corpo,2,2,"93028,94070"
Sutter West Bay Hospitals,2,2,"94120,95661"
Mills-Peninsula Medical Center - Sutter Health,2,2,"94010,94401"
Solstice Senior Living,2,2,"95403,95602"
DePaul Health Center,2,2,"95037,95128"
JLL,2,2,"94111,94025"
Taj Mahal Fresh Market,2,2,"94085,95051"
Venus Concept,2,2,"95134,95112"
Rothys ,2,2,"94115,94133"
Golden Gate National Cemetery,2,2,"94129,94066"
Sports Basement,2,2,"95407,94129"
DPR Construction - Sacramento,2,2,"95833,95811"
County of Nevada Schools District,2,2,"95945,95959"
"TrueSource, LLC",2,2,"11749,78232"
Midstate Construction ,2,2,"94954,94110"
Hobart Building,2,2,"94104,94401"
Shorenstein Realty Services,2,2,"93118,95002"
La Hacienda Market,2,2,"94401,94080"
The Stratford,2,2,"94401,97208"
Skylawn Memorial Park,2,2,"94402,94062"
Tesla,2,2,"94402,93955"
Xfinity Store by Comcast,2,2,"94558,94533"
Yuba City Unified School District,2,2,"95991,95993"
Stanford Health Care - Winchester,2,2,"95032,95128"
Chap Properties,2,2,"89145,94103"
Community Market,2,2,"95401,95472"
San Francisco Muni Transportation Agency (SFMTA),2,2,"94102,94103"
99 Cents Only Stores,2,2,"95376,93906"
CareMore Care Center,2,2,"95127,95020"
Cornerstone Earth Group ,2,2,"94085,94043"
Proactis,2,2,"23606,23612"
SC Builders Inc.,2,2,"94085,94103"
Natural Wonder Beauty Concept,2,2,"95070,94121"
Skyline Construction,2,2,"95051,94111"
Apple ME03,2,2,"95051,95015"
McCarthy Building Companies,2,2,"95054,95661"
Gish Apartments,2,2,"95112,95066"
Regional Medical Center of San Jose,2,2,"95156,95116"
ZAZZLE INC,2,2,"95131,94063"
Bae systems,2,2,"95112,95035"
Old Navy,2,2,"95123,95401"
AT&T Store,2,2,"95123,94103"
Enovity Inc,2,2,"95113,94104"
Bay Cities Lock & Safe,2,2,"95126,94404"
Edenville,2,2,"95111,95138"
State of California Dept. of Rehabilitation,2,2,"95128,95132"
Target ,2,2,"95124,95401"
Technical Builders,2,2,"95138,95008"
Valero Gas Station,2,2,"95129,94534"
Medical Office Building,2,2,"94102,94118"
One Union Square,2,2,"94111,94108"
Hall of Justice,2,2,"94103,94063"
West Coast Property Management,2,2,"94102,94110"
Moscone Center,2,2,"94103,94105"
SFMOMA,2,2,"94105,94103"
San Francisco housing Authority,2,2,"94103,94127"
Advanced Mission Glass ,2,2,"94102,92335"
Pacific super market,2,2,"94080,94015"
"Instituto Familiar De La Raza ,Inc.",2,2,"94110,94112"
Alexandria Real Estate Equities,2,2,"94080,94158"
Richlen Construction,2,2,"94105,94553"
Studio Becker,2,2,"94103,94105"
Abercrombie & Fitch ,2,2,"94103,94304"
UCSF Mission Bay MOB,2,2,"94158,94107"
Enclos Corp,2,2,"94105,94583"
Grand Martco,2,2,"94112,94063"
SCS Swinerton Builders,2,2,"94107,94520"
O’Reilly Auto Parts ,2,2,"94116,94015"
Non Plus Ultra inc,2,2,"94103,94123"
Warman Security,2,2,"94109,94002"
Plant Construction,2,2,"94107,95014"
SF Dept of Human Services,2,2,"94120,94103"
Sur La Table,2,2,"94103,94010"
Museum of Performance & Design,2,2,"94107,94102"
Puma,2,2,"94102,95035"
Stonestown Galleria,2,2,"94132,97208"
340 Fremont Apartments,2,2,"94105,94801"
Speederia Pizzeria ,2,2,"94070,94061"
Don Gibson,2,2,"94070,94063"
Crystal Springs Uplands School ,2,2,"94070,94010"
"W L Butler Construction, Inc ",2,2,"94063,95206"
Sunrise of Palo Alto,2,2,"94306,97208"
Mr. Fix It,2,2,"94303,94304"
The John Stewart Co.,2,2,"94301,22116"
Marriott,2,2,"94303,94534"
Krispy Kreme Donuts,2,2,"94043,94015"
Santa Clara County Library,2,2,"95037,95008"
Coin-Op Laundry Milpitas,2,2,"95035,94024"
Hilton Garden Inn,2,2,"95035,94533"
Embassy Suites,2,2,"95035,93955"
LockNet,2,2,"94025,40356"
Posh Bagel,2,2,"94025,94022"
Spangler’s Market,2,2,"94019,94018"
Subway,2,2,"95020,95843"
Sprouts,2,2,"95014,95610"
Rocket Software,2,2,"95008,02951"
Helix Electric,2,2,"94010,92121"
Brookdale Windsor,2,2,"95404,95492"
G & G Supermarket,2,2,"95401,94954"
SAM'S FOR PLAY CAFE & CATERING,2,2,"95407,95403"
Santa Rosa Ski & Sports,2,2,"95403,95404"
Sutter Care At Home,2,2,"95403,95828"
Ortega’s Market,2,2,"95403,94952"
Tuesday Morning,2,2,"95407,75240"
Big Lots #4154,2,2,"95401,43081"
Healthcare Design & Construction,2,2,"95404,92868"
CIRE Property Management,2,2,"95403,95406"
Oak Haven Senior,2,2,"93703,95361"
Wendy’s,2,2,"94583,93955"
Department Of Veteran Affairs,2,2,"95814,78714"
Kaiser Behavioral Health,2,2,"94954,94534"
Housing Authority Of The CCC,2,2,"94553,94509"
Sprouts Farmers Market,2,2,"94583,95821"
Hilbers Inc,2,2,"95831,95993"
Green Concept Construction,2,2,"91364,91360"
"NorthStar Memorial Group, LLC",2,2,"77056,90660"
Housing Authority County of San Juaquin,2,2,"95207,95203"
Smart & Final ,2,2,"95240,95825"
TDP Construction,2,2,"95822,95852"
Los Rios Community College District,2,2,"95825,95827"
DMV,2,2,"95818,95945"
Eric Want,2,2,"95747,95949"
"Anthem Builders, Inc",2,2,"95661,95678"
Quandry Construction Inc.,2,2,"91730,91739"
Metro Service Solutions,2,2,"11749,11739"
university of pacific - Stockton,2,2,"95204,95211"
Ranger Specialized Glass,2,2,"77073,20166"
Tractor Supply ,2,2,"95988,95667"
"Quality Solutions, Inc",2,2,"67030,67212"
DH Pace Facilities Group,2,2,"66061,64116"
Callahan Properties,2,2,"95035,94588"
COMCAST SERVICE CENTER,2,2,"94533,94558"
Palo Alto Medical Foundation - Santa Cruz,2,2,"95062,95065"
SUTTER EAST BAY MED FOUND,2,2,"94609,94706"
Vacaville City Hall,2,2,"95687,95688"
